[{
  "_id": {
    "$oid": "614dd75a9693912a00f0514d"
  },
  "name": "American",
  "image": "american-food.jpg",
  "__v": 0
},{
  "_id": {
    "$oid": "6582b458097fe669113d3d2d"
  },
  "name": "Chinese",
  "image": "chinese-food.jpg",
  "__v": 0
},{
  "_id": {
    "$oid": "614dd75a9693912a00f0514c"
  },
  "name": "Thai",
  "image": "thai-food.jpg",
  "__v": 0
},{
  "_id": {
    "$oid": "614dd75a9693912a00f0514f"
  },
  "name": "Mexican",
  "image": "mexican-food.jpg",
  "__v": 0
},{
  "_id": {
    "$oid": "614dd75a9693912a00f05150"
  },
  "name": "Indian",
  "image": "indian-food.jpg",
  "__v": 0
},{
  "_id": {
    "$oid": "614dd75a9693912a00f05151"
  },
  "name": "Spanish",
  "image": "spanish-food.jpg",
  "__v": 0
}]